Bog Witch,B
Thermopod,R
Millikin,C
"Sachi, Daughter of Seshiro",G
Akki Rockspeaker,R
Rasputin Dreamweaver,C
Rite of Flame,R
Winter's Night,WUBRG
Krark-Clan Ironworks,C
Sol Grail,WUBRG
Mons's Goblin Waiters,R
Blood Pet,B
Vernal Bloom,G
Simic Signet,UG
Cathodion,C
Cadaverous Bloom,BG
Quirion Sentinel,WUBRG
Eye of Ramos,U
Phyrexian Lens,WUBRG
Boreal Druid,C
Energy Tap,C
Dawn's Reflection,WUBRG
Tinder Wall,R
Coal Stoker,R
Paradise Mantle,WUBRG
Joiner Adept,WUBRG
Rakdos Signet,BR
Charcoal Diamond,B
Quirion Explorer,WUBRG
Mox Lotus,WUBRG
Mana Prism,WUBRG
Orochi Sustainer,B
Tigereye Cameo,GW
Orcish Lumberjack,RG
Overeager Apprentice,B
Riven Turnbull,B
Gemstone Array,WUBRG
Wirewood Elf,G
Charmed Pendant,WUBRG
Extraplanar Lens,WUBRG
Morgue Toad,UR
Harvester Druid,WUBRG
Troll-Horn Cameo,RG
Bog Initiate,B
Adarkar Unicorn,U
Gaea's Touch,G
Tangleroot,G
Llanowar Elves,G
Gauntlet of Power,WUBRG
Weatherseed Totem,G
Mox Diamond,WUBRG
Phyrexian Altar,WUBRG
Benthic Explorers,WUBRG
Honor-Worn Shaku,C
Black Lotus,WUBRG
Altar of Shadows,B
Heartbeat of Spring,WUBRG
Lotus Bloom,WUBRG
Petalmane Baku,WUBRG
Orzhov Signet,WB
Mana Crypt,C
Coldsteel Heart,WUBRG
Agent of Stromgald,B
Organ Harvest,B
Vine Trellis,G
Skull of Ramos,B
Piracy,WUBRG
Urborg Elf,GUB
Gemhide Sliver,WUBRG
Coal Golem,R
Red Mana Battery,R
Fire Sprites,R
Goblin Clearcutter,RG
Talisman of Progress,WU
Mana Cache,C
Utopia Sprawl,WUBRG
Sunglasses of Urza,R
Terrarion,WUBRG
Chrome Mox,WUBRG
Channel the Suns,WUBRG
Phyrexian Totem,B
Sea Scryer,U
Blood Celebrant,WUBRG
Priest of Yawgmoth,B
Talisman of Indulgence,BR
Izzet Signet,UR
Dimir Signet,UB
Desperate Ritual,R
Basal Sliver,B
Pentad Prism,WUBRG
Food Chain,WUBRG
Divergent Growth,WUBRG
Gold Myr,W
Deconstruct,G
Mox Sapphire,U
Lion's Eye Diamond,WUBRG
"Sasaya, Orochi Ascendant",WUBRG
Mox Jet,B
Prismatic Lens,WUBRG
Myr Moonvessel,C
Turn to Dust,G
Chromatic Sphere,WUBRG
Drake-Skull Cameo,UB
Golgari Signet,BG
Implements of Sacrifice,WUBRG
Crosis's Attendant,UBR
Blood Vassal,B
Mossfire Egg,RG
Wild Cantor,WUBRG
Darigaaz's Attendant,BRG
Carpet of Flowers,WUBRG
Mox Ruby,R
Ceta Disciple,WUBRG
Leaden Myr,B
Treva's Attendant,GWU
Sakura-Tribe Springcaller,G
Metamorphosis,WUBRG
Silver Myr,U
Mana Flare,WUBRG
Werebear,G
Silhana Starfletcher,WUBRG
Culling the Weak,B
Su-Chi,C
Witch Engine,B
Mox Pearl,W
Talisman of Dominance,UB
Basalt Monolith,C
"Seton, Krosan Protector",G
Sol Ring,C
Copper Myr,G
Iceberg,C
Boros Signet,RW
Moss Diamond,G
Darkwater Egg,UB
Doubling Cube,WUBRG
Gilded Lotus,WUBRG
Eladamri's Vineyard,G
Spoils of Evil,C
Vesper Ghoul,WUBRG
Mana Drain,C
Wild Growth,G
Serum Powder,C
Lotus Guardian,WUBRG
Foriysian Totem,R
Utopia Tree,WUBRG
Elvish Guidance,G
Iron Myr,R
Elves of Deep Shadow,B
False Dawn,W
Horn of Ramos,G
Chronatog Totem,U
Celestial Prism,WUBRG
Apprentice Wizard,C
Avatar: Birds of Paradise,WUBRG
Llanowar Dead,B
"Sakiko, Mother of Summer",G
Standing Stones,WUBRG
Channel,C
Bloodstone Cameo,BR
Wirewood Channeler,WUBRG
Worn Powerstone,C
Dark Ritual,B
Jungle Patrol,R
Mind Stone,C
Mana Vault,C
Mox Emerald,G
Seashell Cameo,WU
Princess Lucrezia,U
Chromatic Star,WUBRG
Selesnya Signet,GW
Elvish Spirit Guide,G
Mana Geyser,R
Elvish Aberration,G
Soldevi Adnate,B
Overabundance,WUBRG
Ventifact Bottle,C
Manakin,C
Nantuko Elder,G
Gruul Signet,RG
Kyren Toy,C
Sisay's Ring,C
Green Mana Battery,G
Sacrifice,B
Ashnod's Altar,C
Astrolabe,WUBRG
Brightstone Ritual,R
Ur-Golem's Eye,C
Blue Mana Battery,U
Krark-Clan Stoker,R
Mana Screw,C
Vedalken Engineer,WUBRG
Heart Warden,G
Priest of Titania,G
Burnt Offering,BR
Skyshroud Elf,WRG
Overlaid Terrain,WUBRG
Star Compass,WUBRG
Metalworker,C
Skirk Prospector,R
Viridian Acolyte,WUBRG
Nomadic Elf,WUBRG
Fyndhorn Elves,G
Mana Cylix,WUBRG
Blinkmoth Urn,C
Thran Dynamo,C
Soldevi Machinist,C
Tooth of Ramos,W
Orochi Leafcaller,WUBRG
Composite Golem,WUBRG
Sky Diamond,U
Birds of Paradise,WUBRG
Viridian Joiner,G
Mark of Sakiko,G
Farrelite Priest,W
Paradise Plume,WUBRG
Skirge Familiar,B
Guardian Idol,C
Fire Diamond,R
Sisters of the Flame,R
Workhorse,C
Jeweled Amulet,WUBRG
"Shizuko, Caller of Autumn",G
Seismic Spike,R
Skyshroud Troopers,G
High Tide,U
Cabal Ritual,B
Marble Diamond,W
Basal Thrull,B
Talisman of Impulse,RG
Talisman of Unity,GW
Black Market,B
Snowfall,U
Sunastian Falconer,C
Blacker Lotus,WUBRG
"Rofellos, Llanowar Emissary",G
Rith's Attendant,RGW
Carnival of Souls,B
Thunder Totem,W
Helionaut,WUBRG
Bubbling Muck,G
Azorius Signet,WU
Mana Echoes,C
Fellwar Stone,WUBRG
Darksteel Ingot,WUBRG
Sylvok Explorer,WUBRG
Heart of Ramos,R
Elemental Resonance,WUBRG
Mirari's Wake,WUBRG
Citanul Hierophants,G
Skycloud Egg,WU
Seething Song,R
Overgrowth,G
Chaos Moon,R
Braid of Fire,
Mana Flair,R
Squandered Resources,WUBRG
Lotus Blossom,WUBRG
Spectral Searchlight,WUBRG
Black Mana Battery,B
Dromar's Attendant,WUB
Fyndhorn Elder,G
Necra Disciple,WUBRG
Diamond Kaleidoscope,WUBRG
Multani's Harmony,WUBRG
Shadowblood Egg,BR
Inner Fire,R
Jack-in-the-Mox,WUBRG
Verdant Eidolon,WUBRG
Rain of Filth,B
Birchlore Rangers,WUBRG
Grim Monolith,C
Fertile Ground,WUBRG
Initiates of the Ebon Hand,B
Barbed Sextant,WUBRG
White Mana Battery,W
Priest of Gix,B
Sungrass Egg,GW
Songs of the Damned,B
Gauntlet of Might,R
Ice Cauldron,WUBRG
Pygmy Hippo,C
Mana Seism,C
Thran Turbine,C
Avatar: Elvish Champion,G
Lotus Petal,WUBRG
Quirion Elves,WUBRG
Wall of Roots,G
Magus of the Coffers,B
Magus of the Library,C
"Radha, Heir to Keld",RG
Simian Spirit Guide,R
Utopia Vow,WUBRG
Coalition Relic,WUBRG
Dryad Arbor,G
Grinning Ignus,R
Kavu Primarch,G
Llanowar Mentor,G
Utopia Mycon,WUBRG
Elvish Harbinger,WUBRG
Leaf Gilder,G
Scattering Stroke,C
Smokebraider,WUBRG
Soulbright Flamekin,R
Springleaf Drum,WUBRG
Blightsoil Druid,G
Heritage Druid,G
Devoted Druid,G
Manaforge Cinder,BR
Manamorphose,WUBRG
Morselhoarder,WUBRG
Pili-Pala,WUBRG
Rosheen Meanderer,C
Scuttlemutt,WUBRG
Valleymaker,G
Bloom Tender,WUBRG
Braid of Fire,R
Drain Power,WUBRG
Magus of the Vineyard,G
Druid of the Anima,WRG
Drumhunter,C
Exuberant Firestoker,C
Obelisk of Bant,WUG
Obelisk of Esper,WUB
Obelisk of Grixis,UBR
Obelisk of Jund,BRG
Obelisk of Naya,WRG
Sacellum Godspeaker,G
Steward of Valeron,G
Sunseed Nurturer,C
Kaleidostone,WURBG
Knotvine Mystic,WRG
Mana Cylix,WURBG
Noble Hierarch,WUG
Fieldmist Borderpost,WU
Mistvein Borderpost,UB
Veinfire Borderpost,BR
Wildfield Borderpost,WG
Firewild Borderpost,RG
Elvish Archdruid,G
Khalni Gem,WUBRG
Greenweaver Druid,G
Lotus Cobra,WUBRG
Harabaz Druid,WUBRG
Everflowing Chalice,C